text,label
"Data released by the bureau indicates that the economy remained largely stable over the past year, analysts said.",REAL
BREAKING: Anonymous insider reveals the national football league is a total SCAM designed to control the population!!!,FAKE
BREAKING: Anonymous insider reveals the housing market is a total SCAM designed to control the population!!!,FAKE
Doctors are BAFFLED: the hidden dangers of climate policy that 'they' don't want exposed.,FAKE
Economists at the central bank projected the national football league would grow modestly in the coming fiscal year.,REAL
REVEALED: The disturbing conspiracy behind a court ruling that has the internet in total shock.,FAKE
This changes EVERYTHING: unverified report claims artificial intelligence regulation was faked using actors.,FAKE
You will NEVER guess what really happened with the stock market — mainstream media REFUSES to report this!,FAKE
REVEALED: The disturbing conspiracy behind the police department that has the internet in total shock.,FAKE
"The organization released its annual report on the national football league, noting modest improvements year over year.",REAL
Government sources who wish to remain anonymous say a wildlife conservation project is far worse than reported.,FAKE
A mysterious source close to the matter says the transportation department was staged from the very beginning.,FAKE
Researchers at the state university published findings on the national football league in a peer-reviewed journal this week.,REAL
Officials confirmed on Tuesday that artificial intelligence regulation will undergo review after a report was submitted to the committee.,REAL
Officials confirmed on Tuesday that a court ruling will undergo review after a report was submitted to the committee.,REAL
A panel of independent auditors reviewed a cybersecurity breach and recommended several procedural changes.,REAL
"The organization released its annual report on artificial intelligence regulation, noting modest improvements year over year.",REAL
Experts are STUNNED after leaked documents expose the real agenda behind the stock market.,FAKE
"The study, funded by a federal grant, examined a public health study using data collected from over 2,000 participants.",REAL
They don't want you to know the TRUTH about the national football league. Share before this gets DELETED!,FAKE
"URGENT: space exploration has secretly been rigged for years, according to a whistleblower nobody wants you to hear.",FAKE
Insiders CONFIRM a university research team is being used to secretly manipulate everyday citizens like you.,FAKE
A panel of independent auditors reviewed renewable energy and recommended several procedural changes.,REAL
Government sources who wish to remain anonymous say a public health study is far worse than reported.,FAKE
Miracle claim goes viral: a natural disaster allegedly linked to a secret plot nobody can explain.,FAKE
Wake up! a natural disaster is nothing but a cover-up orchestrated by powerful elites behind closed doors.,FAKE
Researchers at the state university published findings on the housing market in a peer-reviewed journal this week.,REAL
A panel of independent auditors reviewed the stock market and recommended several procedural changes.,REAL
"According to a statement released by the department, a court ruling showed a 3.2 percent change compared to last quarter.",REAL
Miracle claim goes viral: a food safety recall allegedly linked to a secret plot nobody can explain.,FAKE
The mayor's office issued a statement clarifying its position on a court ruling following community feedback sessions.,REAL
The REAL reason behind the healthcare system will make your blood boil — click to see the shocking evidence!,FAKE
People are FURIOUS after discovering the hidden truth about artificial intelligence regulation that was covered up for years.,FAKE
Health officials advised residents to stay informed about climate policy through verified government channels.,REAL
A panel of independent auditors reviewed a government budget bill and recommended several procedural changes.,REAL
SHOCKING: You won't believe what they're hiding about a natural disaster — doctors HATE this one secret!,FAKE
"Local authorities announced a new initiative concerning the central bank, which will be implemented over the next six months.",REAL
People are FURIOUS after discovering the hidden truth about a court ruling that was covered up for years.,FAKE
A mysterious source close to the matter says a natural disaster was staged from the very beginning.,FAKE
A panel of independent auditors reviewed the economy and recommended several procedural changes.,REAL
Is the housing market actually a hoax? This viral post claims 100% proof and everyone is sharing it.,FAKE
"The city council voted 6-3 on Monday to approve new measures related to the central bank, pending final approval.",REAL
"In a press briefing on Thursday, the minister addressed questions about renewable energy and outlined next steps.",REAL
This changes EVERYTHING: unverified report claims the economy was faked using actors.,FAKE
Wake up! a court ruling is nothing but a cover-up orchestrated by powerful elites behind closed doors.,FAKE
Officials confirmed on Tuesday that a local election will undergo review after a report was submitted to the committee.,REAL
"URGENT: a natural disaster has secretly been rigged for years, according to a whistleblower nobody wants you to hear.",FAKE
Doctors are BAFFLED: the hidden dangers of immigration policy that 'they' don't want exposed.,FAKE
A mysterious source close to the matter says immigration policy was staged from the very beginning.,FAKE
"According to a statement released by the department, the police department showed a 3.2 percent change compared to last quarter.",REAL
Company executives confirmed the deal involving a new vaccine during an earnings call with investors on Wednesday.,REAL
The mayor's office issued a statement clarifying its position on the economy following community feedback sessions.,REAL
Insiders CONFIRM the education system is being used to secretly manipulate everyday citizens like you.,FAKE
"The organization released its annual report on the healthcare system, noting modest improvements year over year.",REAL
EXCLUSIVE: Secret files prove the stock market was planned decades in advance by a shadowy group.,FAKE
Doctors are BAFFLED: the hidden dangers of the economy that 'they' don't want exposed.,FAKE
Emergency services responded to the incident related to a wildlife conservation project and confirmed there were no injuries reported.,REAL
Insiders CONFIRM the transportation department is being used to secretly manipulate everyday citizens like you.,FAKE
They don't want you to know the TRUTH about the central bank. Share before this gets DELETED!,FAKE
The mayor's office issued a statement clarifying its position on climate policy following community feedback sessions.,REAL
Health officials advised residents to stay informed about the economy through verified government channels.,REAL
Doctors are BAFFLED: the hidden dangers of renewable energy that 'they' don't want exposed.,FAKE
A mysterious source close to the matter says a wildlife conservation project was staged from the very beginning.,FAKE
Economists at the central bank projected a wildlife conservation project would grow modestly in the coming fiscal year.,REAL
"The city council voted 6-3 on Monday to approve new measures related to the stock market, pending final approval.",REAL
"URGENT: a local election has secretly been rigged for years, according to a whistleblower nobody wants you to hear.",FAKE
They don't want you to know the TRUTH about a tech company merger. Share before this gets DELETED!,FAKE
Insiders CONFIRM a cybersecurity breach is being used to secretly manipulate everyday citizens like you.,FAKE
You will NEVER guess what really happened with the transportation department — mainstream media REFUSES to report this!,FAKE
"A federal judge issued a ruling on a court ruling on Friday, siding with the plaintiffs on two of three counts.",REAL
"According to a statement released by the department, renewable energy showed a 3.2 percent change compared to last quarter.",REAL
EXCLUSIVE: Secret files prove climate policy was planned decades in advance by a shadowy group.,FAKE
"Data released by the bureau indicates that immigration policy remained largely stable over the past year, analysts said.",REAL
Emergency services responded to the incident related to immigration policy and confirmed there were no injuries reported.,REAL
Insiders CONFIRM the economy is being used to secretly manipulate everyday citizens like you.,FAKE
BREAKING: Anonymous insider reveals renewable energy is a total SCAM designed to control the population!!!,FAKE
"URGENT: a cybersecurity breach has secretly been rigged for years, according to a whistleblower nobody wants you to hear.",FAKE
REVEALED: The disturbing conspiracy behind the stock market that has the internet in total shock.,FAKE
People are FURIOUS after discovering the hidden truth about a wildlife conservation project that was covered up for years.,FAKE
People are FURIOUS after discovering the hidden truth about a food safety recall that was covered up for years.,FAKE
"The study, funded by a federal grant, examined the education system using data collected from over 2,000 participants.",REAL
Is a court ruling actually a hoax? This viral post claims 100% proof and everyone is sharing it.,FAKE
"Local authorities announced a new initiative concerning a government budget bill, which will be implemented over the next six months.",REAL
Officials confirmed on Tuesday that the housing market will undergo review after a report was submitted to the committee.,REAL
Company executives confirmed the deal involving a celebrity marriage during an earnings call with investors on Wednesday.,REAL
A mysterious source close to the matter says the stock market was staged from the very beginning.,FAKE
Economists at the central bank projected a court ruling would grow modestly in the coming fiscal year.,REAL
"In a press briefing on Thursday, the minister addressed questions about a court ruling and outlined next steps.",REAL
The mayor's office issued a statement clarifying its position on a tech company merger following community feedback sessions.,REAL
"The city council voted 6-3 on Monday to approve new measures related to the transportation department, pending final approval.",REAL
A panel of independent auditors reviewed the police department and recommended several procedural changes.,REAL
REVEALED: The disturbing conspiracy behind a new vaccine that has the internet in total shock.,FAKE
People are FURIOUS after discovering the hidden truth about a new vaccine that was covered up for years.,FAKE
Is the transportation department actually a hoax? This viral post claims 100% proof and everyone is sharing it.,FAKE
"The organization released its annual report on a new vaccine, noting modest improvements year over year.",REAL
"According to a statement released by the department, space exploration showed a 3.2 percent change compared to last quarter.",REAL
"Local authorities announced a new initiative concerning the national football league, which will be implemented over the next six months.",REAL
EXCLUSIVE: Secret files prove a celebrity marriage was planned decades in advance by a shadowy group.,FAKE
Researchers at the state university published findings on the transportation department in a peer-reviewed journal this week.,REAL
"This ONE weird trick about a tech company merger has the entire government in a panic, sources claim.",FAKE
REVEALED: The disturbing conspiracy behind a university research team that has the internet in total shock.,FAKE
"Local authorities announced a new initiative concerning immigration policy, which will be implemented over the next six months.",REAL
You will NEVER guess what really happened with renewable energy — mainstream media REFUSES to report this!,FAKE
"In a press briefing on Thursday, the minister addressed questions about a government budget bill and outlined next steps.",REAL
"The organization released its annual report on renewable energy, noting modest improvements year over year.",REAL
Company executives confirmed the deal involving a university research team during an earnings call with investors on Wednesday.,REAL
"In a press briefing on Thursday, the minister addressed questions about a celebrity marriage and outlined next steps.",REAL
The mayor's office issued a statement clarifying its position on a cybersecurity breach following community feedback sessions.,REAL
Officials confirmed on Tuesday that space exploration will undergo review after a report was submitted to the committee.,REAL
"The city council voted 6-3 on Monday to approve new measures related to a university research team, pending final approval.",REAL
Officials confirmed on Tuesday that a cybersecurity breach will undergo review after a report was submitted to the committee.,REAL
Doctors are BAFFLED: the hidden dangers of a celebrity marriage that 'they' don't want exposed.,FAKE
"Local authorities announced a new initiative concerning a celebrity marriage, which will be implemented over the next six months.",REAL
Emergency services responded to the incident related to the healthcare system and confirmed there were no injuries reported.,REAL
Experts are STUNNED after leaked documents expose the real agenda behind renewable energy.,FAKE
"The committee held a public hearing on the healthcare system, inviting testimony from experts and community members.",REAL
The mayor's office issued a statement clarifying its position on a wildlife conservation project following community feedback sessions.,REAL
"URGENT: a court ruling has secretly been rigged for years, according to a whistleblower nobody wants you to hear.",FAKE
The mayor's office issued a statement clarifying its position on a public health study following community feedback sessions.,REAL
"The organization released its annual report on a local election, noting modest improvements year over year.",REAL
"A federal judge issued a ruling on a government budget bill on Friday, siding with the plaintiffs on two of three counts.",REAL
"URGENT: a university research team has secretly been rigged for years, according to a whistleblower nobody wants you to hear.",FAKE
"URGENT: artificial intelligence regulation has secretly been rigged for years, according to a whistleblower nobody wants you to hear.",FAKE
A mysterious source close to the matter says a court ruling was staged from the very beginning.,FAKE
"Local authorities announced a new initiative concerning a natural disaster, which will be implemented over the next six months.",REAL
Emergency services responded to the incident related to space exploration and confirmed there were no injuries reported.,REAL
SHOCKING: You won't believe what they're hiding about renewable energy — doctors HATE this one secret!,FAKE
The REAL reason behind a wildlife conservation project will make your blood boil — click to see the shocking evidence!,FAKE
Company executives confirmed the deal involving a food safety recall during an earnings call with investors on Wednesday.,REAL
"Data released by the bureau indicates that the police department remained largely stable over the past year, analysts said.",REAL
Company executives confirmed the deal involving a cybersecurity breach during an earnings call with investors on Wednesday.,REAL
Doctors are BAFFLED: the hidden dangers of a cybersecurity breach that 'they' don't want exposed.,FAKE
"This ONE weird trick about climate policy has the entire government in a panic, sources claim.",FAKE
BREAKING: Anonymous insider reveals the transportation department is a total SCAM designed to control the population!!!,FAKE
"The study, funded by a federal grant, examined a tech company merger using data collected from over 2,000 participants.",REAL
Government sources who wish to remain anonymous say a court ruling is far worse than reported.,FAKE
The REAL reason behind a public health study will make your blood boil — click to see the shocking evidence!,FAKE
They don't want you to know the TRUTH about a celebrity marriage. Share before this gets DELETED!,FAKE
"The report, compiled over eighteen months, found no significant risk associated with a court ruling based on current evidence.",REAL
Emergency services responded to the incident related to a local election and confirmed there were no injuries reported.,REAL
You will NEVER guess what really happened with climate policy — mainstream media REFUSES to report this!,FAKE
Emergency services responded to the incident related to a celebrity marriage and confirmed there were no injuries reported.,REAL
"The committee held a public hearing on a food safety recall, inviting testimony from experts and community members.",REAL
"The report, compiled over eighteen months, found no significant risk associated with the police department based on current evidence.",REAL
Insiders CONFIRM a local election is being used to secretly manipulate everyday citizens like you.,FAKE
Government sources who wish to remain anonymous say a university research team is far worse than reported.,FAKE
"This ONE weird trick about the police department has the entire government in a panic, sources claim.",FAKE
Government sources who wish to remain anonymous say a local election is far worse than reported.,FAKE
"The report, compiled over eighteen months, found no significant risk associated with a public health study based on current evidence.",REAL
Doctors are BAFFLED: the hidden dangers of the housing market that 'they' don't want exposed.,FAKE
A panel of independent auditors reviewed a wildlife conservation project and recommended several procedural changes.,REAL
The university's board of trustees discussed renewable energy during its quarterly meeting on Monday afternoon.,REAL
"The report, compiled over eighteen months, found no significant risk associated with a new vaccine based on current evidence.",REAL
EXCLUSIVE: Secret files prove the economy was planned decades in advance by a shadowy group.,FAKE
You've been LIED to about the central bank this whole time — share this before it's taken down!,FAKE
"According to a statement released by the department, the national football league showed a 3.2 percent change compared to last quarter.",REAL
Is a university research team actually a hoax? This viral post claims 100% proof and everyone is sharing it.,FAKE
People are FURIOUS after discovering the hidden truth about the national football league that was covered up for years.,FAKE
People are FURIOUS after discovering the hidden truth about the education system that was covered up for years.,FAKE
BREAKING: Anonymous insider reveals space exploration is a total SCAM designed to control the population!!!,FAKE
"A federal judge issued a ruling on a food safety recall on Friday, siding with the plaintiffs on two of three counts.",REAL
Economists at the central bank projected space exploration would grow modestly in the coming fiscal year.,REAL
You've been LIED to about space exploration this whole time — share this before it's taken down!,FAKE
"In a press briefing on Thursday, the minister addressed questions about the education system and outlined next steps.",REAL
They don't want you to know the TRUTH about the police department. Share before this gets DELETED!,FAKE
Government sources who wish to remain anonymous say space exploration is far worse than reported.,FAKE
A mysterious source close to the matter says a university research team was staged from the very beginning.,FAKE
SHOCKING: You won't believe what they're hiding about a wildlife conservation project — doctors HATE this one secret!,FAKE
A mysterious source close to the matter says climate policy was staged from the very beginning.,FAKE
This changes EVERYTHING: unverified report claims a celebrity marriage was faked using actors.,FAKE
The mayor's office issued a statement clarifying its position on immigration policy following community feedback sessions.,REAL
"The organization released its annual report on the housing market, noting modest improvements year over year.",REAL
A spokesperson said the agency is continuing to monitor the transportation department and will release further details next month.,REAL
The mayor's office issued a statement clarifying its position on a new vaccine following community feedback sessions.,REAL
"According to a statement released by the department, artificial intelligence regulation showed a 3.2 percent change compared to last quarter.",REAL
You've been LIED to about the healthcare system this whole time — share this before it's taken down!,FAKE
A spokesperson said the agency is continuing to monitor the economy and will release further details next month.,REAL
Company executives confirmed the deal involving the national football league during an earnings call with investors on Wednesday.,REAL
Wake up! a local election is nothing but a cover-up orchestrated by powerful elites behind closed doors.,FAKE
"This ONE weird trick about the stock market has the entire government in a panic, sources claim.",FAKE
"According to a statement released by the department, climate policy showed a 3.2 percent change compared to last quarter.",REAL
The mayor's office issued a statement clarifying its position on a local election following community feedback sessions.,REAL
"The report, compiled over eighteen months, found no significant risk associated with a celebrity marriage based on current evidence.",REAL
Is a natural disaster actually a hoax? This viral post claims 100% proof and everyone is sharing it.,FAKE
"Local authorities announced a new initiative concerning a tech company merger, which will be implemented over the next six months.",REAL
"The city council voted 6-3 on Monday to approve new measures related to a wildlife conservation project, pending final approval.",REAL
"This ONE weird trick about a local election has the entire government in a panic, sources claim.",FAKE
People are FURIOUS after discovering the hidden truth about the police department that was covered up for years.,FAKE
"This ONE weird trick about immigration policy has the entire government in a panic, sources claim.",FAKE
"Data released by the bureau indicates that the transportation department remained largely stable over the past year, analysts said.",REAL
"According to a statement released by the department, a university research team showed a 3.2 percent change compared to last quarter.",REAL
Health officials advised residents to stay informed about the stock market through verified government channels.,REAL
"The report, compiled over eighteen months, found no significant risk associated with immigration policy based on current evidence.",REAL
A spokesperson said the agency is continuing to monitor space exploration and will release further details next month.,REAL
The REAL reason behind the central bank will make your blood boil — click to see the shocking evidence!,FAKE
Officials confirmed on Tuesday that the central bank will undergo review after a report was submitted to the committee.,REAL
Health officials advised residents to stay informed about the national football league through verified government channels.,REAL
Wake up! the police department is nothing but a cover-up orchestrated by powerful elites behind closed doors.,FAKE
Wake up! a new vaccine is nothing but a cover-up orchestrated by powerful elites behind closed doors.,FAKE
"The study, funded by a federal grant, examined the stock market using data collected from over 2,000 participants.",REAL
Economists at the central bank projected the stock market would grow modestly in the coming fiscal year.,REAL
Emergency services responded to the incident related to a public health study and confirmed there were no injuries reported.,REAL
"The organization released its annual report on the transportation department, noting modest improvements year over year.",REAL
The REAL reason behind a tech company merger will make your blood boil — click to see the shocking evidence!,FAKE
Emergency services responded to the incident related to the stock market and confirmed there were no injuries reported.,REAL
Economists at the central bank projected a food safety recall would grow modestly in the coming fiscal year.,REAL
Health officials advised residents to stay informed about a public health study through verified government channels.,REAL
A panel of independent auditors reviewed the education system and recommended several procedural changes.,REAL
The REAL reason behind space exploration will make your blood boil — click to see the shocking evidence!,FAKE
Miracle claim goes viral: renewable energy allegedly linked to a secret plot nobody can explain.,FAKE
Economists at the central bank projected a public health study would grow modestly in the coming fiscal year.,REAL
"The study, funded by a federal grant, examined artificial intelligence regulation using data collected from over 2,000 participants.",REAL
"The organization released its annual report on a government budget bill, noting modest improvements year over year.",REAL
"Data released by the bureau indicates that a natural disaster remained largely stable over the past year, analysts said.",REAL
"The city council voted 6-3 on Monday to approve new measures related to a public health study, pending final approval.",REAL
Insiders CONFIRM immigration policy is being used to secretly manipulate everyday citizens like you.,FAKE
They don't want you to know the TRUTH about the economy. Share before this gets DELETED!,FAKE
"According to a statement released by the department, a tech company merger showed a 3.2 percent change compared to last quarter.",REAL
A spokesperson said the agency is continuing to monitor the stock market and will release further details next month.,REAL
"Local authorities announced a new initiative concerning the transportation department, which will be implemented over the next six months.",REAL
"The report, compiled over eighteen months, found no significant risk associated with renewable energy based on current evidence.",REAL
This changes EVERYTHING: unverified report claims a public health study was faked using actors.,FAKE
Doctors are BAFFLED: the hidden dangers of a university research team that 'they' don't want exposed.,FAKE
Emergency services responded to the incident related to renewable energy and confirmed there were no injuries reported.,REAL
"The study, funded by a federal grant, examined the housing market using data collected from over 2,000 participants.",REAL
"According to a statement released by the department, the stock market showed a 3.2 percent change compared to last quarter.",REAL
REVEALED: The disturbing conspiracy behind the education system that has the internet in total shock.,FAKE
Company executives confirmed the deal involving a court ruling during an earnings call with investors on Wednesday.,REAL
Miracle claim goes viral: a local election allegedly linked to a secret plot nobody can explain.,FAKE
The university's board of trustees discussed a natural disaster during its quarterly meeting on Monday afternoon.,REAL
The university's board of trustees discussed immigration policy during its quarterly meeting on Monday afternoon.,REAL
You've been LIED to about climate policy this whole time — share this before it's taken down!,FAKE
Is the national football league actually a hoax? This viral post claims 100% proof and everyone is sharing it.,FAKE
They don't want you to know the TRUTH about a natural disaster. Share before this gets DELETED!,FAKE
"In a press briefing on Thursday, the minister addressed questions about the police department and outlined next steps.",REAL
"Data released by the bureau indicates that the central bank remained largely stable over the past year, analysts said.",REAL
"The committee held a public hearing on a court ruling, inviting testimony from experts and community members.",REAL
EXCLUSIVE: Secret files prove renewable energy was planned decades in advance by a shadowy group.,FAKE
A panel of independent auditors reviewed artificial intelligence regulation and recommended several procedural changes.,REAL
Economists at the central bank projected a natural disaster would grow modestly in the coming fiscal year.,REAL
Wake up! a cybersecurity breach is nothing but a cover-up orchestrated by powerful elites behind closed doors.,FAKE
This changes EVERYTHING: unverified report claims a cybersecurity breach was faked using actors.,FAKE
Experts are STUNNED after leaked documents expose the real agenda behind a university research team.,FAKE
People are FURIOUS after discovering the hidden truth about space exploration that was covered up for years.,FAKE
"A federal judge issued a ruling on the education system on Friday, siding with the plaintiffs on two of three counts.",REAL
You've been LIED to about a government budget bill this whole time — share this before it's taken down!,FAKE
You will NEVER guess what really happened with the economy — mainstream media REFUSES to report this!,FAKE
Company executives confirmed the deal involving the transportation department during an earnings call with investors on Wednesday.,REAL
Company executives confirmed the deal involving the housing market during an earnings call with investors on Wednesday.,REAL
Wake up! a wildlife conservation project is nothing but a cover-up orchestrated by powerful elites behind closed doors.,FAKE
"A federal judge issued a ruling on a cybersecurity breach on Friday, siding with the plaintiffs on two of three counts.",REAL
Officials confirmed on Tuesday that the stock market will undergo review after a report was submitted to the committee.,REAL
Health officials advised residents to stay informed about renewable energy through verified government channels.,REAL
Government sources who wish to remain anonymous say artificial intelligence regulation is far worse than reported.,FAKE
A panel of independent auditors reviewed the national football league and recommended several procedural changes.,REAL
"The report, compiled over eighteen months, found no significant risk associated with the national football league based on current evidence.",REAL
Doctors are BAFFLED: the hidden dangers of a local election that 'they' don't want exposed.,FAKE
Government sources who wish to remain anonymous say the stock market is far worse than reported.,FAKE
A panel of independent auditors reviewed a local election and recommended several procedural changes.,REAL
"Data released by the bureau indicates that a wildlife conservation project remained largely stable over the past year, analysts said.",REAL
Doctors are BAFFLED: the hidden dangers of a wildlife conservation project that 'they' don't want exposed.,FAKE
"The city council voted 6-3 on Monday to approve new measures related to immigration policy, pending final approval.",REAL
A spokesperson said the agency is continuing to monitor a natural disaster and will release further details next month.,REAL
People are FURIOUS after discovering the hidden truth about a university research team that was covered up for years.,FAKE
Miracle claim goes viral: the economy allegedly linked to a secret plot nobody can explain.,FAKE
Officials confirmed on Tuesday that a university research team will undergo review after a report was submitted to the committee.,REAL
REVEALED: The disturbing conspiracy behind renewable energy that has the internet in total shock.,FAKE
The REAL reason behind a local election will make your blood boil — click to see the shocking evidence!,FAKE
"The organization released its annual report on a court ruling, noting modest improvements year over year.",REAL
A spokesperson said the agency is continuing to monitor a court ruling and will release further details next month.,REAL
BREAKING: Anonymous insider reveals the central bank is a total SCAM designed to control the population!!!,FAKE
Emergency services responded to the incident related to a natural disaster and confirmed there were no injuries reported.,REAL
Miracle claim goes viral: the transportation department allegedly linked to a secret plot nobody can explain.,FAKE
Experts are STUNNED after leaked documents expose the real agenda behind the central bank.,FAKE
"Data released by the bureau indicates that the education system remained largely stable over the past year, analysts said.",REAL
A mysterious source close to the matter says a local election was staged from the very beginning.,FAKE
Company executives confirmed the deal involving renewable energy during an earnings call with investors on Wednesday.,REAL
You will NEVER guess what really happened with a natural disaster — mainstream media REFUSES to report this!,FAKE
A mysterious source close to the matter says a food safety recall was staged from the very beginning.,FAKE
Economists at the central bank projected a university research team would grow modestly in the coming fiscal year.,REAL
Experts are STUNNED after leaked documents expose the real agenda behind a public health study.,FAKE
"This ONE weird trick about a new vaccine has the entire government in a panic, sources claim.",FAKE
"In a press briefing on Thursday, the minister addressed questions about the central bank and outlined next steps.",REAL
The university's board of trustees discussed a government budget bill during its quarterly meeting on Monday afternoon.,REAL
Wake up! a public health study is nothing but a cover-up orchestrated by powerful elites behind closed doors.,FAKE
A spokesperson said the agency is continuing to monitor a cybersecurity breach and will release further details next month.,REAL
EXCLUSIVE: Secret files prove a food safety recall was planned decades in advance by a shadowy group.,FAKE
"A federal judge issued a ruling on a wildlife conservation project on Friday, siding with the plaintiffs on two of three counts.",REAL
SHOCKING: You won't believe what they're hiding about the economy — doctors HATE this one secret!,FAKE
Government sources who wish to remain anonymous say the economy is far worse than reported.,FAKE
Doctors are BAFFLED: the hidden dangers of artificial intelligence regulation that 'they' don't want exposed.,FAKE
The university's board of trustees discussed a local election during its quarterly meeting on Monday afternoon.,REAL
Wake up! the economy is nothing but a cover-up orchestrated by powerful elites behind closed doors.,FAKE
Economists at the central bank projected artificial intelligence regulation would grow modestly in the coming fiscal year.,REAL
Government sources who wish to remain anonymous say the central bank is far worse than reported.,FAKE
EXCLUSIVE: Secret files prove the police department was planned decades in advance by a shadowy group.,FAKE
Government sources who wish to remain anonymous say immigration policy is far worse than reported.,FAKE
"The report, compiled over eighteen months, found no significant risk associated with climate policy based on current evidence.",REAL
Experts are STUNNED after leaked documents expose the real agenda behind a wildlife conservation project.,FAKE
EXCLUSIVE: Secret files prove the healthcare system was planned decades in advance by a shadowy group.,FAKE
"The city council voted 6-3 on Monday to approve new measures related to renewable energy, pending final approval.",REAL
"Data released by the bureau indicates that a celebrity marriage remained largely stable over the past year, analysts said.",REAL
"The city council voted 6-3 on Monday to approve new measures related to a cybersecurity breach, pending final approval.",REAL
The REAL reason behind the housing market will make your blood boil — click to see the shocking evidence!,FAKE
"Data released by the bureau indicates that a cybersecurity breach remained largely stable over the past year, analysts said.",REAL
"The committee held a public hearing on a natural disaster, inviting testimony from experts and community members.",REAL
Experts are STUNNED after leaked documents expose the real agenda behind a celebrity marriage.,FAKE
The university's board of trustees discussed the police department during its quarterly meeting on Monday afternoon.,REAL
Wake up! immigration policy is nothing but a cover-up orchestrated by powerful elites behind closed doors.,FAKE
"The report, compiled over eighteen months, found no significant risk associated with the healthcare system based on current evidence.",REAL
People are FURIOUS after discovering the hidden truth about the housing market that was covered up for years.,FAKE
Insiders CONFIRM the healthcare system is being used to secretly manipulate everyday citizens like you.,FAKE
Officials confirmed on Tuesday that a food safety recall will undergo review after a report was submitted to the committee.,REAL
The university's board of trustees discussed artificial intelligence regulation during its quarterly meeting on Monday afternoon.,REAL
A panel of independent auditors reviewed space exploration and recommended several procedural changes.,REAL
"A federal judge issued a ruling on a natural disaster on Friday, siding with the plaintiffs on two of three counts.",REAL
"The study, funded by a federal grant, examined a university research team using data collected from over 2,000 participants.",REAL
People are FURIOUS after discovering the hidden truth about immigration policy that was covered up for years.,FAKE
"The organization released its annual report on the economy, noting modest improvements year over year.",REAL
REVEALED: The disturbing conspiracy behind a government budget bill that has the internet in total shock.,FAKE
Miracle claim goes viral: the national football league allegedly linked to a secret plot nobody can explain.,FAKE
Economists at the central bank projected immigration policy would grow modestly in the coming fiscal year.,REAL
REVEALED: The disturbing conspiracy behind the housing market that has the internet in total shock.,FAKE
A spokesperson said the agency is continuing to monitor the education system and will release further details next month.,REAL
Researchers at the state university published findings on immigration policy in a peer-reviewed journal this week.,REAL
"A federal judge issued a ruling on a local election on Friday, siding with the plaintiffs on two of three counts.",REAL
Experts are STUNNED after leaked documents expose the real agenda behind the transportation department.,FAKE
Emergency services responded to the incident related to the economy and confirmed there were no injuries reported.,REAL
People are FURIOUS after discovering the hidden truth about the central bank that was covered up for years.,FAKE
Experts are STUNNED after leaked documents expose the real agenda behind the housing market.,FAKE
"The report, compiled over eighteen months, found no significant risk associated with space exploration based on current evidence.",REAL
"The organization released its annual report on a celebrity marriage, noting modest improvements year over year.",REAL
"The report, compiled over eighteen months, found no significant risk associated with a tech company merger based on current evidence.",REAL
Researchers at the state university published findings on a public health study in a peer-reviewed journal this week.,REAL
A mysterious source close to the matter says the national football league was staged from the very beginning.,FAKE
REVEALED: The disturbing conspiracy behind a tech company merger that has the internet in total shock.,FAKE
Government sources who wish to remain anonymous say a tech company merger is far worse than reported.,FAKE
This changes EVERYTHING: unverified report claims a court ruling was faked using actors.,FAKE
Emergency services responded to the incident related to the central bank and confirmed there were no injuries reported.,REAL
You will NEVER guess what really happened with artificial intelligence regulation — mainstream media REFUSES to report this!,FAKE
SHOCKING: You won't believe what they're hiding about a local election — doctors HATE this one secret!,FAKE
REVEALED: The disturbing conspiracy behind artificial intelligence regulation that has the internet in total shock.,FAKE
"A federal judge issued a ruling on the police department on Friday, siding with the plaintiffs on two of three counts.",REAL
Company executives confirmed the deal involving immigration policy during an earnings call with investors on Wednesday.,REAL
SHOCKING: You won't believe what they're hiding about the police department — doctors HATE this one secret!,FAKE
Company executives confirmed the deal involving the economy during an earnings call with investors on Wednesday.,REAL
The university's board of trustees discussed the national football league during its quarterly meeting on Monday afternoon.,REAL
REVEALED: The disturbing conspiracy behind a local election that has the internet in total shock.,FAKE
"The organization released its annual report on immigration policy, noting modest improvements year over year.",REAL
"A federal judge issued a ruling on artificial intelligence regulation on Friday, siding with the plaintiffs on two of three counts.",REAL
Is the economy actually a hoax? This viral post claims 100% proof and everyone is sharing it.,FAKE
Insiders CONFIRM renewable energy is being used to secretly manipulate everyday citizens like you.,FAKE
They don't want you to know the TRUTH about the transportation department. Share before this gets DELETED!,FAKE
You've been LIED to about a tech company merger this whole time — share this before it's taken down!,FAKE
"The committee held a public hearing on renewable energy, inviting testimony from experts and community members.",REAL
The REAL reason behind the police department will make your blood boil — click to see the shocking evidence!,FAKE
Is the stock market actually a hoax? This viral post claims 100% proof and everyone is sharing it.,FAKE
"The study, funded by a federal grant, examined a court ruling using data collected from over 2,000 participants.",REAL
EXCLUSIVE: Secret files prove a court ruling was planned decades in advance by a shadowy group.,FAKE
Miracle claim goes viral: a new vaccine allegedly linked to a secret plot nobody can explain.,FAKE
Government sources who wish to remain anonymous say a celebrity marriage is far worse than reported.,FAKE
"URGENT: the stock market has secretly been rigged for years, according to a whistleblower nobody wants you to hear.",FAKE
A spokesperson said the agency is continuing to monitor a government budget bill and will release further details next month.,REAL
A mysterious source close to the matter says artificial intelligence regulation was staged from the very beginning.,FAKE
The REAL reason behind a natural disaster will make your blood boil — click to see the shocking evidence!,FAKE
"According to a statement released by the department, a new vaccine showed a 3.2 percent change compared to last quarter.",REAL
Health officials advised residents to stay informed about a court ruling through verified government channels.,REAL
Wake up! artificial intelligence regulation is nothing but a cover-up orchestrated by powerful elites behind closed doors.,FAKE
Company executives confirmed the deal involving a public health study during an earnings call with investors on Wednesday.,REAL
The university's board of trustees discussed climate policy during its quarterly meeting on Monday afternoon.,REAL
"The city council voted 6-3 on Monday to approve new measures related to the healthcare system, pending final approval.",REAL
You've been LIED to about a public health study this whole time — share this before it's taken down!,FAKE
"Data released by the bureau indicates that space exploration remained largely stable over the past year, analysts said.",REAL
Company executives confirmed the deal involving a government budget bill during an earnings call with investors on Wednesday.,REAL
The mayor's office issued a statement clarifying its position on a food safety recall following community feedback sessions.,REAL
SHOCKING: You won't believe what they're hiding about climate policy — doctors HATE this one secret!,FAKE
A mysterious source close to the matter says the police department was staged from the very beginning.,FAKE
Officials confirmed on Tuesday that a celebrity marriage will undergo review after a report was submitted to the committee.,REAL
Insiders CONFIRM the central bank is being used to secretly manipulate everyday citizens like you.,FAKE
Wake up! a tech company merger is nothing but a cover-up orchestrated by powerful elites behind closed doors.,FAKE
"A federal judge issued a ruling on the healthcare system on Friday, siding with the plaintiffs on two of three counts.",REAL
"The committee held a public hearing on a celebrity marriage, inviting testimony from experts and community members.",REAL
"The committee held a public hearing on climate policy, inviting testimony from experts and community members.",REAL
"A federal judge issued a ruling on climate policy on Friday, siding with the plaintiffs on two of three counts.",REAL
"A federal judge issued a ruling on renewable energy on Friday, siding with the plaintiffs on two of three counts.",REAL
People are FURIOUS after discovering the hidden truth about the stock market that was covered up for years.,FAKE
SHOCKING: You won't believe what they're hiding about space exploration — doctors HATE this one secret!,FAKE
"In a press briefing on Thursday, the minister addressed questions about the transportation department and outlined next steps.",REAL
You will NEVER guess what really happened with a government budget bill — mainstream media REFUSES to report this!,FAKE
"The study, funded by a federal grant, examined immigration policy using data collected from over 2,000 participants.",REAL
You've been LIED to about a natural disaster this whole time — share this before it's taken down!,FAKE
Health officials advised residents to stay informed about a tech company merger through verified government channels.,REAL
You will NEVER guess what really happened with immigration policy — mainstream media REFUSES to report this!,FAKE
Insiders CONFIRM the national football league is being used to secretly manipulate everyday citizens like you.,FAKE
You will NEVER guess what really happened with a public health study — mainstream media REFUSES to report this!,FAKE
Wake up! space exploration is nothing but a cover-up orchestrated by powerful elites behind closed doors.,FAKE
Researchers at the state university published findings on a local election in a peer-reviewed journal this week.,REAL
"This ONE weird trick about the national football league has the entire government in a panic, sources claim.",FAKE
"The committee held a public hearing on the national football league, inviting testimony from experts and community members.",REAL
"The study, funded by a federal grant, examined a government budget bill using data collected from over 2,000 participants.",REAL
They don't want you to know the TRUTH about immigration policy. Share before this gets DELETED!,FAKE
"This ONE weird trick about a government budget bill has the entire government in a panic, sources claim.",FAKE
A mysterious source close to the matter says a new vaccine was staged from the very beginning.,FAKE
"The committee held a public hearing on the central bank, inviting testimony from experts and community members.",REAL
Insiders CONFIRM a court ruling is being used to secretly manipulate everyday citizens like you.,FAKE
Doctors are BAFFLED: the hidden dangers of the transportation department that 'they' don't want exposed.,FAKE
A spokesperson said the agency is continuing to monitor renewable energy and will release further details next month.,REAL
"In a press briefing on Thursday, the minister addressed questions about a university research team and outlined next steps.",REAL
You've been LIED to about the housing market this whole time — share this before it's taken down!,FAKE
"URGENT: a tech company merger has secretly been rigged for years, according to a whistleblower nobody wants you to hear.",FAKE
Officials confirmed on Tuesday that immigration policy will undergo review after a report was submitted to the committee.,REAL
Company executives confirmed the deal involving the education system during an earnings call with investors on Wednesday.,REAL
"Data released by the bureau indicates that the healthcare system remained largely stable over the past year, analysts said.",REAL
This changes EVERYTHING: unverified report claims the healthcare system was faked using actors.,FAKE
Miracle claim goes viral: space exploration allegedly linked to a secret plot nobody can explain.,FAKE
"URGENT: a wildlife conservation project has secretly been rigged for years, according to a whistleblower nobody wants you to hear.",FAKE
Researchers at the state university published findings on a government budget bill in a peer-reviewed journal this week.,REAL
You will NEVER guess what really happened with a wildlife conservation project — mainstream media REFUSES to report this!,FAKE
They don't want you to know the TRUTH about a university research team. Share before this gets DELETED!,FAKE
You've been LIED to about the transportation department this whole time — share this before it's taken down!,FAKE
BREAKING: Anonymous insider reveals the healthcare system is a total SCAM designed to control the population!!!,FAKE
BREAKING: Anonymous insider reveals artificial intelligence regulation is a total SCAM designed to control the population!!!,FAKE
A spokesperson said the agency is continuing to monitor climate policy and will release further details next month.,REAL
REVEALED: The disturbing conspiracy behind the central bank that has the internet in total shock.,FAKE
"URGENT: a food safety recall has secretly been rigged for years, according to a whistleblower nobody wants you to hear.",FAKE
"The study, funded by a federal grant, examined the central bank using data collected from over 2,000 participants.",REAL
Emergency services responded to the incident related to a university research team and confirmed there were no injuries reported.,REAL
REVEALED: The disturbing conspiracy behind the transportation department that has the internet in total shock.,FAKE
A mysterious source close to the matter says the central bank was staged from the very beginning.,FAKE
Emergency services responded to the incident related to the national football league and confirmed there were no injuries reported.,REAL
Government sources who wish to remain anonymous say the healthcare system is far worse than reported.,FAKE
"A federal judge issued a ruling on the housing market on Friday, siding with the plaintiffs on two of three counts.",REAL
A mysterious source close to the matter says a government budget bill was staged from the very beginning.,FAKE
You've been LIED to about the economy this whole time — share this before it's taken down!,FAKE
Insiders CONFIRM space exploration is being used to secretly manipulate everyday citizens like you.,FAKE
"The report, compiled over eighteen months, found no significant risk associated with the central bank based on current evidence.",REAL
The university's board of trustees discussed the healthcare system during its quarterly meeting on Monday afternoon.,REAL
"Data released by the bureau indicates that climate policy remained largely stable over the past year, analysts said.",REAL
Experts are STUNNED after leaked documents expose the real agenda behind the economy.,FAKE
"A federal judge issued a ruling on the economy on Friday, siding with the plaintiffs on two of three counts.",REAL
REVEALED: The disturbing conspiracy behind a natural disaster that has the internet in total shock.,FAKE
BREAKING: Anonymous insider reveals the education system is a total SCAM designed to control the population!!!,FAKE
People are FURIOUS after discovering the hidden truth about the healthcare system that was covered up for years.,FAKE
Government sources who wish to remain anonymous say the education system is far worse than reported.,FAKE
Experts are STUNNED after leaked documents expose the real agenda behind immigration policy.,FAKE
A spokesperson said the agency is continuing to monitor a wildlife conservation project and will release further details next month.,REAL
Officials confirmed on Tuesday that climate policy will undergo review after a report was submitted to the committee.,REAL
"This ONE weird trick about space exploration has the entire government in a panic, sources claim.",FAKE
The university's board of trustees discussed the stock market during its quarterly meeting on Monday afternoon.,REAL
"Local authorities announced a new initiative concerning a new vaccine, which will be implemented over the next six months.",REAL
"The study, funded by a federal grant, examined a local election using data collected from over 2,000 participants.",REAL
You've been LIED to about the national football league this whole time — share this before it's taken down!,FAKE
A spokesperson said the agency is continuing to monitor a celebrity marriage and will release further details next month.,REAL
EXCLUSIVE: Secret files prove immigration policy was planned decades in advance by a shadowy group.,FAKE
Experts are STUNNED after leaked documents expose the real agenda behind a tech company merger.,FAKE
"URGENT: climate policy has secretly been rigged for years, according to a whistleblower nobody wants you to hear.",FAKE
"The city council voted 6-3 on Monday to approve new measures related to a new vaccine, pending final approval.",REAL
A panel of independent auditors reviewed a celebrity marriage and recommended several procedural changes.,REAL
"The committee held a public hearing on the education system, inviting testimony from experts and community members.",REAL
The mayor's office issued a statement clarifying its position on space exploration following community feedback sessions.,REAL
"This ONE weird trick about a wildlife conservation project has the entire government in a panic, sources claim.",FAKE
BREAKING: Anonymous insider reveals a public health study is a total SCAM designed to control the population!!!,FAKE
"The committee held a public hearing on the stock market, inviting testimony from experts and community members.",REAL
"In a press briefing on Thursday, the minister addressed questions about artificial intelligence regulation and outlined next steps.",REAL
BREAKING: Anonymous insider reveals a tech company merger is a total SCAM designed to control the population!!!,FAKE
The mayor's office issued a statement clarifying its position on a natural disaster following community feedback sessions.,REAL
"URGENT: a celebrity marriage has secretly been rigged for years, according to a whistleblower nobody wants you to hear.",FAKE
"Local authorities announced a new initiative concerning the police department, which will be implemented over the next six months.",REAL
Wake up! the housing market is nothing but a cover-up orchestrated by powerful elites behind closed doors.,FAKE
"The committee held a public hearing on the transportation department, inviting testimony from experts and community members.",REAL
A spokesperson said the agency is continuing to monitor a local election and will release further details next month.,REAL
Economists at the central bank projected a celebrity marriage would grow modestly in the coming fiscal year.,REAL
EXCLUSIVE: Secret files prove the national football league was planned decades in advance by a shadowy group.,FAKE
"The report, compiled over eighteen months, found no significant risk associated with the transportation department based on current evidence.",REAL
Researchers at the state university published findings on the stock market in a peer-reviewed journal this week.,REAL
"Local authorities announced a new initiative concerning a wildlife conservation project, which will be implemented over the next six months.",REAL
You will NEVER guess what really happened with the education system — mainstream media REFUSES to report this!,FAKE
You will NEVER guess what really happened with the healthcare system — mainstream media REFUSES to report this!,FAKE
Government sources who wish to remain anonymous say climate policy is far worse than reported.,FAKE
Is renewable energy actually a hoax? This viral post claims 100% proof and everyone is sharing it.,FAKE
Wake up! the stock market is nothing but a cover-up orchestrated by powerful elites behind closed doors.,FAKE
Officials confirmed on Tuesday that the national football league will undergo review after a report was submitted to the committee.,REAL
"Local authorities announced a new initiative concerning the housing market, which will be implemented over the next six months.",REAL
This changes EVERYTHING: unverified report claims climate policy was faked using actors.,FAKE
Doctors are BAFFLED: the hidden dangers of a natural disaster that 'they' don't want exposed.,FAKE
Doctors are BAFFLED: the hidden dangers of the healthcare system that 'they' don't want exposed.,FAKE
"The report, compiled over eighteen months, found no significant risk associated with the education system based on current evidence.",REAL
BREAKING: Anonymous insider reveals a cybersecurity breach is a total SCAM designed to control the population!!!,FAKE
Experts are STUNNED after leaked documents expose the real agenda behind space exploration.,FAKE
They don't want you to know the TRUTH about a food safety recall. Share before this gets DELETED!,FAKE
Health officials advised residents to stay informed about a government budget bill through verified government channels.,REAL
This changes EVERYTHING: unverified report claims a government budget bill was faked using actors.,FAKE
"Local authorities announced a new initiative concerning renewable energy, which will be implemented over the next six months.",REAL
A panel of independent auditors reviewed the transportation department and recommended several procedural changes.,REAL
Health officials advised residents to stay informed about the education system through verified government channels.,REAL
Experts are STUNNED after leaked documents expose the real agenda behind a food safety recall.,FAKE
"According to a statement released by the department, a natural disaster showed a 3.2 percent change compared to last quarter.",REAL
They don't want you to know the TRUTH about artificial intelligence regulation. Share before this gets DELETED!,FAKE
People are FURIOUS after discovering the hidden truth about a celebrity marriage that was covered up for years.,FAKE
"The committee held a public hearing on the housing market, inviting testimony from experts and community members.",REAL
BREAKING: Anonymous insider reveals a court ruling is a total SCAM designed to control the population!!!,FAKE
Researchers at the state university published findings on a cybersecurity breach in a peer-reviewed journal this week.,REAL
Researchers at the state university published findings on a university research team in a peer-reviewed journal this week.,REAL
A mysterious source close to the matter says a cybersecurity breach was staged from the very beginning.,FAKE
The university's board of trustees discussed a tech company merger during its quarterly meeting on Monday afternoon.,REAL
Insiders CONFIRM climate policy is being used to secretly manipulate everyday citizens like you.,FAKE
SHOCKING: You won't believe what they're hiding about a public health study — doctors HATE this one secret!,FAKE
"In a press briefing on Thursday, the minister addressed questions about space exploration and outlined next steps.",REAL
Experts are STUNNED after leaked documents expose the real agenda behind a new vaccine.,FAKE
This changes EVERYTHING: unverified report claims the stock market was faked using actors.,FAKE
The mayor's office issued a statement clarifying its position on a government budget bill following community feedback sessions.,REAL
"Data released by the bureau indicates that a food safety recall remained largely stable over the past year, analysts said.",REAL
"Local authorities announced a new initiative concerning a food safety recall, which will be implemented over the next six months.",REAL
"This ONE weird trick about a natural disaster has the entire government in a panic, sources claim.",FAKE
Experts are STUNNED after leaked documents expose the real agenda behind a court ruling.,FAKE
"A federal judge issued a ruling on space exploration on Friday, siding with the plaintiffs on two of three counts.",REAL
"According to a statement released by the department, the housing market showed a 3.2 percent change compared to last quarter.",REAL
"According to a statement released by the department, the economy showed a 3.2 percent change compared to last quarter.",REAL
"Data released by the bureau indicates that a government budget bill remained largely stable over the past year, analysts said.",REAL
Officials confirmed on Tuesday that a natural disaster will undergo review after a report was submitted to the committee.,REAL
SHOCKING: You won't believe what they're hiding about a tech company merger — doctors HATE this one secret!,FAKE
"A federal judge issued a ruling on a university research team on Friday, siding with the plaintiffs on two of three counts.",REAL
People are FURIOUS after discovering the hidden truth about a cybersecurity breach that was covered up for years.,FAKE
Emergency services responded to the incident related to a government budget bill and confirmed there were no injuries reported.,REAL
"The city council voted 6-3 on Monday to approve new measures related to a government budget bill, pending final approval.",REAL
"The committee held a public hearing on a public health study, inviting testimony from experts and community members.",REAL
"The organization released its annual report on the police department, noting modest improvements year over year.",REAL
Insiders CONFIRM a celebrity marriage is being used to secretly manipulate everyday citizens like you.,FAKE
A spokesperson said the agency is continuing to monitor a public health study and will release further details next month.,REAL
"The organization released its annual report on the central bank, noting modest improvements year over year.",REAL
The REAL reason behind a food safety recall will make your blood boil — click to see the shocking evidence!,FAKE
Government sources who wish to remain anonymous say a natural disaster is far worse than reported.,FAKE
"Local authorities announced a new initiative concerning a cybersecurity breach, which will be implemented over the next six months.",REAL
A panel of independent auditors reviewed a court ruling and recommended several procedural changes.,REAL
A panel of independent auditors reviewed a natural disaster and recommended several procedural changes.,REAL
A mysterious source close to the matter says the economy was staged from the very beginning.,FAKE
The university's board of trustees discussed a celebrity marriage during its quarterly meeting on Monday afternoon.,REAL
"The report, compiled over eighteen months, found no significant risk associated with the stock market based on current evidence.",REAL
"The study, funded by a federal grant, examined the healthcare system using data collected from over 2,000 participants.",REAL
REVEALED: The disturbing conspiracy behind a celebrity marriage that has the internet in total shock.,FAKE
They don't want you to know the TRUTH about a government budget bill. Share before this gets DELETED!,FAKE
Emergency services responded to the incident related to the transportation department and confirmed there were no injuries reported.,REAL
REVEALED: The disturbing conspiracy behind a food safety recall that has the internet in total shock.,FAKE
The mayor's office issued a statement clarifying its position on a celebrity marriage following community feedback sessions.,REAL
Insiders CONFIRM a food safety recall is being used to secretly manipulate everyday citizens like you.,FAKE
You've been LIED to about a local election this whole time — share this before it's taken down!,FAKE
"This ONE weird trick about the economy has the entire government in a panic, sources claim.",FAKE
REVEALED: The disturbing conspiracy behind a wildlife conservation project that has the internet in total shock.,FAKE
"The study, funded by a federal grant, examined the transportation department using data collected from over 2,000 participants.",REAL
The REAL reason behind the national football league will make your blood boil — click to see the shocking evidence!,FAKE
Miracle claim goes viral: a celebrity marriage allegedly linked to a secret plot nobody can explain.,FAKE
Is a public health study actually a hoax? This viral post claims 100% proof and everyone is sharing it.,FAKE
A spokesperson said the agency is continuing to monitor the housing market and will release further details next month.,REAL
You will NEVER guess what really happened with the housing market — mainstream media REFUSES to report this!,FAKE
"According to a statement released by the department, immigration policy showed a 3.2 percent change compared to last quarter.",REAL
REVEALED: The disturbing conspiracy behind the economy that has the internet in total shock.,FAKE
Is space exploration actually a hoax? This viral post claims 100% proof and everyone is sharing it.,FAKE
EXCLUSIVE: Secret files prove the education system was planned decades in advance by a shadowy group.,FAKE
The university's board of trustees discussed the transportation department during its quarterly meeting on Monday afternoon.,REAL
They don't want you to know the TRUTH about a cybersecurity breach. Share before this gets DELETED!,FAKE
"A federal judge issued a ruling on the central bank on Friday, siding with the plaintiffs on two of three counts.",REAL
BREAKING: Anonymous insider reveals the stock market is a total SCAM designed to control the population!!!,FAKE
SHOCKING: You won't believe what they're hiding about a celebrity marriage — doctors HATE this one secret!,FAKE
Experts are STUNNED after leaked documents expose the real agenda behind a local election.,FAKE
"URGENT: the economy has secretly been rigged for years, according to a whistleblower nobody wants you to hear.",FAKE
They don't want you to know the TRUTH about the stock market. Share before this gets DELETED!,FAKE
BREAKING: Anonymous insider reveals a local election is a total SCAM designed to control the population!!!,FAKE
You've been LIED to about a court ruling this whole time — share this before it's taken down!,FAKE
The REAL reason behind a university research team will make your blood boil — click to see the shocking evidence!,FAKE
"The organization released its annual report on a university research team, noting modest improvements year over year.",REAL
EXCLUSIVE: Secret files prove a university research team was planned decades in advance by a shadowy group.,FAKE
"URGENT: the central bank has secretly been rigged for years, according to a whistleblower nobody wants you to hear.",FAKE
"URGENT: the education system has secretly been rigged for years, according to a whistleblower nobody wants you to hear.",FAKE
Researchers at the state university published findings on the central bank in a peer-reviewed journal this week.,REAL
"The study, funded by a federal grant, examined a natural disaster using data collected from over 2,000 participants.",REAL
"The committee held a public hearing on space exploration, inviting testimony from experts and community members.",REAL
Doctors are BAFFLED: the hidden dangers of a court ruling that 'they' don't want exposed.,FAKE
Miracle claim goes viral: a court ruling allegedly linked to a secret plot nobody can explain.,FAKE
Government sources who wish to remain anonymous say the national football league is far worse than reported.,FAKE
Researchers at the state university published findings on a new vaccine in a peer-reviewed journal this week.,REAL
Company executives confirmed the deal involving climate policy during an earnings call with investors on Wednesday.,REAL
Officials confirmed on Tuesday that a public health study will undergo review after a report was submitted to the committee.,REAL
Is climate policy actually a hoax? This viral post claims 100% proof and everyone is sharing it.,FAKE
"URGENT: the transportation department has secretly been rigged for years, according to a whistleblower nobody wants you to hear.",FAKE
EXCLUSIVE: Secret files prove a natural disaster was planned decades in advance by a shadowy group.,FAKE
People are FURIOUS after discovering the hidden truth about the economy that was covered up for years.,FAKE
Miracle claim goes viral: a government budget bill allegedly linked to a secret plot nobody can explain.,FAKE
The REAL reason behind climate policy will make your blood boil — click to see the shocking evidence!,FAKE
Economists at the central bank projected the transportation department would grow modestly in the coming fiscal year.,REAL
This changes EVERYTHING: unverified report claims the transportation department was faked using actors.,FAKE
A spokesperson said the agency is continuing to monitor the police department and will release further details next month.,REAL
They don't want you to know the TRUTH about the healthcare system. Share before this gets DELETED!,FAKE
You've been LIED to about the stock market this whole time — share this before it's taken down!,FAKE
A spokesperson said the agency is continuing to monitor artificial intelligence regulation and will release further details next month.,REAL
"A federal judge issued a ruling on a public health study on Friday, siding with the plaintiffs on two of three counts.",REAL
Government sources who wish to remain anonymous say renewable energy is far worse than reported.,FAKE
A mysterious source close to the matter says a tech company merger was staged from the very beginning.,FAKE
"The organization released its annual report on climate policy, noting modest improvements year over year.",REAL
BREAKING: Anonymous insider reveals a celebrity marriage is a total SCAM designed to control the population!!!,FAKE
"The organization released its annual report on a cybersecurity breach, noting modest improvements year over year.",REAL
"Data released by the bureau indicates that a new vaccine remained largely stable over the past year, analysts said.",REAL
"The city council voted 6-3 on Monday to approve new measures related to the national football league, pending final approval.",REAL
A panel of independent auditors reviewed a university research team and recommended several procedural changes.,REAL
Researchers at the state university published findings on a wildlife conservation project in a peer-reviewed journal this week.,REAL
"A federal judge issued a ruling on a new vaccine on Friday, siding with the plaintiffs on two of three counts.",REAL
Is a cybersecurity breach actually a hoax? This viral post claims 100% proof and everyone is sharing it.,FAKE
Health officials advised residents to stay informed about a wildlife conservation project through verified government channels.,REAL
You've been LIED to about immigration policy this whole time — share this before it's taken down!,FAKE
People are FURIOUS after discovering the hidden truth about the transportation department that was covered up for years.,FAKE
"In a press briefing on Thursday, the minister addressed questions about the housing market and outlined next steps.",REAL
Is a celebrity marriage actually a hoax? This viral post claims 100% proof and everyone is sharing it.,FAKE
Economists at the central bank projected the housing market would grow modestly in the coming fiscal year.,REAL
"In a press briefing on Thursday, the minister addressed questions about the national football league and outlined next steps.",REAL
Miracle claim goes viral: a tech company merger allegedly linked to a secret plot nobody can explain.,FAKE
"In a press briefing on Thursday, the minister addressed questions about a wildlife conservation project and outlined next steps.",REAL
EXCLUSIVE: Secret files prove a cybersecurity breach was planned decades in advance by a shadowy group.,FAKE
Doctors are BAFFLED: the hidden dangers of the education system that 'they' don't want exposed.,FAKE
Miracle claim goes viral: the education system allegedly linked to a secret plot nobody can explain.,FAKE
Government sources who wish to remain anonymous say the transportation department is far worse than reported.,FAKE
A panel of independent auditors reviewed climate policy and recommended several procedural changes.,REAL
Wake up! the education system is nothing but a cover-up orchestrated by powerful elites behind closed doors.,FAKE
Wake up! the national football league is nothing but a cover-up orchestrated by powerful elites behind closed doors.,FAKE
The university's board of trustees discussed a food safety recall during its quarterly meeting on Monday afternoon.,REAL
"In a press briefing on Thursday, the minister addressed questions about the economy and outlined next steps.",REAL
The REAL reason behind a cybersecurity breach will make your blood boil — click to see the shocking evidence!,FAKE
Doctors are BAFFLED: the hidden dangers of the national football league that 'they' don't want exposed.,FAKE
People are FURIOUS after discovering the hidden truth about a government budget bill that was covered up for years.,FAKE
Doctors are BAFFLED: the hidden dangers of a food safety recall that 'they' don't want exposed.,FAKE
Miracle claim goes viral: the police department allegedly linked to a secret plot nobody can explain.,FAKE
"The study, funded by a federal grant, examined the national football league using data collected from over 2,000 participants.",REAL
Health officials advised residents to stay informed about space exploration through verified government channels.,REAL
They don't want you to know the TRUTH about a court ruling. Share before this gets DELETED!,FAKE
Insiders CONFIRM the police department is being used to secretly manipulate everyday citizens like you.,FAKE
You've been LIED to about a celebrity marriage this whole time — share this before it's taken down!,FAKE
Miracle claim goes viral: the central bank allegedly linked to a secret plot nobody can explain.,FAKE
"The study, funded by a federal grant, examined the police department using data collected from over 2,000 participants.",REAL
Miracle claim goes viral: immigration policy allegedly linked to a secret plot nobody can explain.,FAKE
You will NEVER guess what really happened with a university research team — mainstream media REFUSES to report this!,FAKE
EXCLUSIVE: Secret files prove a government budget bill was planned decades in advance by a shadowy group.,FAKE
Government sources who wish to remain anonymous say a new vaccine is far worse than reported.,FAKE
They don't want you to know the TRUTH about the education system. Share before this gets DELETED!,FAKE
The mayor's office issued a statement clarifying its position on artificial intelligence regulation following community feedback sessions.,REAL
People are FURIOUS after discovering the hidden truth about a natural disaster that was covered up for years.,FAKE
A mysterious source close to the matter says the healthcare system was staged from the very beginning.,FAKE
"The report, compiled over eighteen months, found no significant risk associated with the economy based on current evidence.",REAL
This changes EVERYTHING: unverified report claims a new vaccine was faked using actors.,FAKE
SHOCKING: You won't believe what they're hiding about a cybersecurity breach — doctors HATE this one secret!,FAKE
A mysterious source close to the matter says a public health study was staged from the very beginning.,FAKE
You will NEVER guess what really happened with the national football league — mainstream media REFUSES to report this!,FAKE
Emergency services responded to the incident related to climate policy and confirmed there were no injuries reported.,REAL
Is the healthcare system actually a hoax? This viral post claims 100% proof and everyone is sharing it.,FAKE
SHOCKING: You won't believe what they're hiding about a university research team — doctors HATE this one secret!,FAKE
A spokesperson said the agency is continuing to monitor a tech company merger and will release further details next month.,REAL
Experts are STUNNED after leaked documents expose the real agenda behind the healthcare system.,FAKE
Insiders CONFIRM a wildlife conservation project is being used to secretly manipulate everyday citizens like you.,FAKE
You will NEVER guess what really happened with a tech company merger — mainstream media REFUSES to report this!,FAKE
"The city council voted 6-3 on Monday to approve new measures related to a court ruling, pending final approval.",REAL
Economists at the central bank projected a government budget bill would grow modestly in the coming fiscal year.,REAL
Health officials advised residents to stay informed about artificial intelligence regulation through verified government channels.,REAL
The mayor's office issued a statement clarifying its position on the healthcare system following community feedback sessions.,REAL
Doctors are BAFFLED: the hidden dangers of the stock market that 'they' don't want exposed.,FAKE
"The city council voted 6-3 on Monday to approve new measures related to the education system, pending final approval.",REAL
This changes EVERYTHING: unverified report claims a natural disaster was faked using actors.,FAKE
Officials confirmed on Tuesday that a new vaccine will undergo review after a report was submitted to the committee.,REAL
"In a press briefing on Thursday, the minister addressed questions about a natural disaster and outlined next steps.",REAL
The REAL reason behind artificial intelligence regulation will make your blood boil — click to see the shocking evidence!,FAKE
"This ONE weird trick about the healthcare system has the entire government in a panic, sources claim.",FAKE
Experts are STUNNED after leaked documents expose the real agenda behind artificial intelligence regulation.,FAKE
Researchers at the state university published findings on climate policy in a peer-reviewed journal this week.,REAL
"The organization released its annual report on the stock market, noting modest improvements year over year.",REAL
Officials confirmed on Tuesday that a tech company merger will undergo review after a report was submitted to the committee.,REAL
"The report, compiled over eighteen months, found no significant risk associated with a food safety recall based on current evidence.",REAL
"The report, compiled over eighteen months, found no significant risk associated with a natural disaster based on current evidence.",REAL
Economists at the central bank projected renewable energy would grow modestly in the coming fiscal year.,REAL
EXCLUSIVE: Secret files prove a local election was planned decades in advance by a shadowy group.,FAKE
Researchers at the state university published findings on the education system in a peer-reviewed journal this week.,REAL
Officials confirmed on Tuesday that a government budget bill will undergo review after a report was submitted to the committee.,REAL
A spokesperson said the agency is continuing to monitor a university research team and will release further details next month.,REAL
Economists at the central bank projected a cybersecurity breach would grow modestly in the coming fiscal year.,REAL
The REAL reason behind renewable energy will make your blood boil — click to see the shocking evidence!,FAKE
This changes EVERYTHING: unverified report claims immigration policy was faked using actors.,FAKE
"In a press briefing on Thursday, the minister addressed questions about immigration policy and outlined next steps.",REAL
Health officials advised residents to stay informed about the healthcare system through verified government channels.,REAL
You've been LIED to about a university research team this whole time — share this before it's taken down!,FAKE
Health officials advised residents to stay informed about a new vaccine through verified government channels.,REAL
"According to a statement released by the department, a celebrity marriage showed a 3.2 percent change compared to last quarter.",REAL
"The study, funded by a federal grant, examined a cybersecurity breach using data collected from over 2,000 participants.",REAL
Government sources who wish to remain anonymous say a government budget bill is far worse than reported.,FAKE
Insiders CONFIRM artificial intelligence regulation is being used to secretly manipulate everyday citizens like you.,FAKE
They don't want you to know the TRUTH about renewable energy. Share before this gets DELETED!,FAKE
They don't want you to know the TRUTH about the housing market. Share before this gets DELETED!,FAKE
Experts are STUNNED after leaked documents expose the real agenda behind the national football league.,FAKE
Government sources who wish to remain anonymous say a food safety recall is far worse than reported.,FAKE
Miracle claim goes viral: climate policy allegedly linked to a secret plot nobody can explain.,FAKE
Health officials advised residents to stay informed about immigration policy through verified government channels.,REAL
"A federal judge issued a ruling on the transportation department on Friday, siding with the plaintiffs on two of three counts.",REAL
"The report, compiled over eighteen months, found no significant risk associated with artificial intelligence regulation based on current evidence.",REAL
"This ONE weird trick about the central bank has the entire government in a panic, sources claim.",FAKE
"A federal judge issued a ruling on the national football league on Friday, siding with the plaintiffs on two of three counts.",REAL
"URGENT: a public health study has secretly been rigged for years, according to a whistleblower nobody wants you to hear.",FAKE
"Data released by the bureau indicates that renewable energy remained largely stable over the past year, analysts said.",REAL
REVEALED: The disturbing conspiracy behind space exploration that has the internet in total shock.,FAKE
Researchers at the state university published findings on the economy in a peer-reviewed journal this week.,REAL
The university's board of trustees discussed a court ruling during its quarterly meeting on Monday afternoon.,REAL
"In a press briefing on Thursday, the minister addressed questions about a local election and outlined next steps.",REAL
"The study, funded by a federal grant, examined a food safety recall using data collected from over 2,000 participants.",REAL
Researchers at the state university published findings on a court ruling in a peer-reviewed journal this week.,REAL
Health officials advised residents to stay informed about the housing market through verified government channels.,REAL
"A federal judge issued a ruling on immigration policy on Friday, siding with the plaintiffs on two of three counts.",REAL
"According to a statement released by the department, a food safety recall showed a 3.2 percent change compared to last quarter.",REAL
Is the central bank actually a hoax? This viral post claims 100% proof and everyone is sharing it.,FAKE
Company executives confirmed the deal involving a local election during an earnings call with investors on Wednesday.,REAL
Researchers at the state university published findings on a tech company merger in a peer-reviewed journal this week.,REAL
Economists at the central bank projected the education system would grow modestly in the coming fiscal year.,REAL
Economists at the central bank projected the economy would grow modestly in the coming fiscal year.,REAL
Insiders CONFIRM a government budget bill is being used to secretly manipulate everyday citizens like you.,FAKE
You will NEVER guess what really happened with the police department — mainstream media REFUSES to report this!,FAKE
Miracle claim goes viral: a wildlife conservation project allegedly linked to a secret plot nobody can explain.,FAKE
A panel of independent auditors reviewed the central bank and recommended several procedural changes.,REAL
You've been LIED to about a wildlife conservation project this whole time — share this before it's taken down!,FAKE
"The organization released its annual report on a public health study, noting modest improvements year over year.",REAL
You've been LIED to about a new vaccine this whole time — share this before it's taken down!,FAKE
Economists at the central bank projected a tech company merger would grow modestly in the coming fiscal year.,REAL
SHOCKING: You won't believe what they're hiding about a court ruling — doctors HATE this one secret!,FAKE
"The city council voted 6-3 on Monday to approve new measures related to a food safety recall, pending final approval.",REAL
You will NEVER guess what really happened with a local election — mainstream media REFUSES to report this!,FAKE
REVEALED: The disturbing conspiracy behind a cybersecurity breach that has the internet in total shock.,FAKE
Experts are STUNNED after leaked documents expose the real agenda behind climate policy.,FAKE
BREAKING: Anonymous insider reveals a wildlife conservation project is a total SCAM designed to control the population!!!,FAKE
Is a wildlife conservation project actually a hoax? This viral post claims 100% proof and everyone is sharing it.,FAKE
EXCLUSIVE: Secret files prove the central bank was planned decades in advance by a shadowy group.,FAKE
The mayor's office issued a statement clarifying its position on the transportation department following community feedback sessions.,REAL
Emergency services responded to the incident related to a tech company merger and confirmed there were no injuries reported.,REAL
Is the education system actually a hoax? This viral post claims 100% proof and everyone is sharing it.,FAKE
You will NEVER guess what really happened with a celebrity marriage — mainstream media REFUSES to report this!,FAKE
"A federal judge issued a ruling on the stock market on Friday, siding with the plaintiffs on two of three counts.",REAL
They don't want you to know the TRUTH about a new vaccine. Share before this gets DELETED!,FAKE
SHOCKING: You won't believe what they're hiding about the education system — doctors HATE this one secret!,FAKE
BREAKING: Anonymous insider reveals the police department is a total SCAM designed to control the population!!!,FAKE
Doctors are BAFFLED: the hidden dangers of the police department that 'they' don't want exposed.,FAKE
"The report, compiled over eighteen months, found no significant risk associated with a university research team based on current evidence.",REAL
Economists at the central bank projected a new vaccine would grow modestly in the coming fiscal year.,REAL
Miracle claim goes viral: a public health study allegedly linked to a secret plot nobody can explain.,FAKE
SHOCKING: You won't believe what they're hiding about the stock market — doctors HATE this one secret!,FAKE
Researchers at the state university published findings on renewable energy in a peer-reviewed journal this week.,REAL
Researchers at the state university published findings on space exploration in a peer-reviewed journal this week.,REAL
"According to a statement released by the department, a public health study showed a 3.2 percent change compared to last quarter.",REAL
This changes EVERYTHING: unverified report claims the police department was faked using actors.,FAKE
Officials confirmed on Tuesday that a wildlife conservation project will undergo review after a report was submitted to the committee.,REAL
The mayor's office issued a statement clarifying its position on the education system following community feedback sessions.,REAL
This changes EVERYTHING: unverified report claims a local election was faked using actors.,FAKE
The mayor's office issued a statement clarifying its position on the stock market following community feedback sessions.,REAL
This changes EVERYTHING: unverified report claims the central bank was faked using actors.,FAKE
"In a press briefing on Thursday, the minister addressed questions about a tech company merger and outlined next steps.",REAL
A spokesperson said the agency is continuing to monitor immigration policy and will release further details next month.,REAL
EXCLUSIVE: Secret files prove artificial intelligence regulation was planned decades in advance by a shadowy group.,FAKE
"This ONE weird trick about artificial intelligence regulation has the entire government in a panic, sources claim.",FAKE
SHOCKING: You won't believe what they're hiding about the central bank — doctors HATE this one secret!,FAKE
Economists at the central bank projected climate policy would grow modestly in the coming fiscal year.,REAL
Officials confirmed on Tuesday that renewable energy will undergo review after a report was submitted to the committee.,REAL
The university's board of trustees discussed the housing market during its quarterly meeting on Monday afternoon.,REAL
The mayor's office issued a statement clarifying its position on renewable energy following community feedback sessions.,REAL
"Data released by the bureau indicates that a university research team remained largely stable over the past year, analysts said.",REAL
This changes EVERYTHING: unverified report claims a wildlife conservation project was faked using actors.,FAKE
"The city council voted 6-3 on Monday to approve new measures related to a tech company merger, pending final approval.",REAL
"The committee held a public hearing on a government budget bill, inviting testimony from experts and community members.",REAL
Emergency services responded to the incident related to a food safety recall and confirmed there were no injuries reported.,REAL
Health officials advised residents to stay informed about a celebrity marriage through verified government channels.,REAL
"Data released by the bureau indicates that a court ruling remained largely stable over the past year, analysts said.",REAL
Doctors are BAFFLED: the hidden dangers of a new vaccine that 'they' don't want exposed.,FAKE
"Local authorities announced a new initiative concerning a court ruling, which will be implemented over the next six months.",REAL
SHOCKING: You won't believe what they're hiding about a new vaccine — doctors HATE this one secret!,FAKE
"The committee held a public hearing on the police department, inviting testimony from experts and community members.",REAL
A spokesperson said the agency is continuing to monitor the central bank and will release further details next month.,REAL
The REAL reason behind a new vaccine will make your blood boil — click to see the shocking evidence!,FAKE
"Local authorities announced a new initiative concerning the economy, which will be implemented over the next six months.",REAL
They don't want you to know the TRUTH about a wildlife conservation project. Share before this gets DELETED!,FAKE
People are FURIOUS after discovering the hidden truth about renewable energy that was covered up for years.,FAKE
Government sources who wish to remain anonymous say the housing market is far worse than reported.,FAKE
"Local authorities announced a new initiative concerning artificial intelligence regulation, which will be implemented over the next six months.",REAL
Researchers at the state university published findings on a natural disaster in a peer-reviewed journal this week.,REAL
BREAKING: Anonymous insider reveals the economy is a total SCAM designed to control the population!!!,FAKE
Wake up! a celebrity marriage is nothing but a cover-up orchestrated by powerful elites behind closed doors.,FAKE
You've been LIED to about a cybersecurity breach this whole time — share this before it's taken down!,FAKE
EXCLUSIVE: Secret files prove the housing market was planned decades in advance by a shadowy group.,FAKE
"The organization released its annual report on a tech company merger, noting modest improvements year over year.",REAL
"The city council voted 6-3 on Monday to approve new measures related to climate policy, pending final approval.",REAL
They don't want you to know the TRUTH about a public health study. Share before this gets DELETED!,FAKE
"The report, compiled over eighteen months, found no significant risk associated with a government budget bill based on current evidence.",REAL
"In a press briefing on Thursday, the minister addressed questions about a public health study and outlined next steps.",REAL
You've been LIED to about renewable energy this whole time — share this before it's taken down!,FAKE
"URGENT: the police department has secretly been rigged for years, according to a whistleblower nobody wants you to hear.",FAKE
"Local authorities announced a new initiative concerning a university research team, which will be implemented over the next six months.",REAL
Economists at the central bank projected the healthcare system would grow modestly in the coming fiscal year.,REAL
REVEALED: The disturbing conspiracy behind the national football league that has the internet in total shock.,FAKE
Company executives confirmed the deal involving the central bank during an earnings call with investors on Wednesday.,REAL
"Data released by the bureau indicates that the housing market remained largely stable over the past year, analysts said.",REAL
Wake up! a university research team is nothing but a cover-up orchestrated by powerful elites behind closed doors.,FAKE
The REAL reason behind the transportation department will make your blood boil — click to see the shocking evidence!,FAKE
"In a press briefing on Thursday, the minister addressed questions about the healthcare system and outlined next steps.",REAL
This changes EVERYTHING: unverified report claims renewable energy was faked using actors.,FAKE
REVEALED: The disturbing conspiracy behind the healthcare system that has the internet in total shock.,FAKE
Insiders CONFIRM the stock market is being used to secretly manipulate everyday citizens like you.,FAKE
BREAKING: Anonymous insider reveals a natural disaster is a total SCAM designed to control the population!!!,FAKE
SHOCKING: You won't believe what they're hiding about a government budget bill — doctors HATE this one secret!,FAKE
"The committee held a public hearing on a wildlife conservation project, inviting testimony from experts and community members.",REAL
"The report, compiled over eighteen months, found no significant risk associated with a local election based on current evidence.",REAL
Researchers at the state university published findings on artificial intelligence regulation in a peer-reviewed journal this week.,REAL
"The committee held a public hearing on immigration policy, inviting testimony from experts and community members.",REAL
Government sources who wish to remain anonymous say the police department is far worse than reported.,FAKE
"The study, funded by a federal grant, examined climate policy using data collected from over 2,000 participants.",REAL
"In a press briefing on Thursday, the minister addressed questions about climate policy and outlined next steps.",REAL
"This ONE weird trick about a food safety recall has the entire government in a panic, sources claim.",FAKE
"URGENT: a government budget bill has secretly been rigged for years, according to a whistleblower nobody wants you to hear.",FAKE
Health officials advised residents to stay informed about a food safety recall through verified government channels.,REAL
EXCLUSIVE: Secret files prove a new vaccine was planned decades in advance by a shadowy group.,FAKE
A panel of independent auditors reviewed immigration policy and recommended several procedural changes.,REAL
Doctors are BAFFLED: the hidden dangers of the central bank that 'they' don't want exposed.,FAKE
"Local authorities announced a new initiative concerning the education system, which will be implemented over the next six months.",REAL
Wake up! the transportation department is nothing but a cover-up orchestrated by powerful elites behind closed doors.,FAKE
Miracle claim goes viral: the healthcare system allegedly linked to a secret plot nobody can explain.,FAKE
"The committee held a public hearing on a tech company merger, inviting testimony from experts and community members.",REAL
The university's board of trustees discussed a new vaccine during its quarterly meeting on Monday afternoon.,REAL
"Data released by the bureau indicates that a tech company merger remained largely stable over the past year, analysts said.",REAL
This changes EVERYTHING: unverified report claims the national football league was faked using actors.,FAKE
"The study, funded by a federal grant, examined space exploration using data collected from over 2,000 participants.",REAL
Health officials advised residents to stay informed about a cybersecurity breach through verified government channels.,REAL
The university's board of trustees discussed the economy during its quarterly meeting on Monday afternoon.,REAL
SHOCKING: You won't believe what they're hiding about immigration policy — doctors HATE this one secret!,FAKE
"The study, funded by a federal grant, examined a celebrity marriage using data collected from over 2,000 participants.",REAL
"The organization released its annual report on a natural disaster, noting modest improvements year over year.",REAL
Officials confirmed on Tuesday that the economy will undergo review after a report was submitted to the committee.,REAL
Experts are STUNNED after leaked documents expose the real agenda behind a government budget bill.,FAKE
You've been LIED to about a food safety recall this whole time — share this before it's taken down!,FAKE
The REAL reason behind a government budget bill will make your blood boil — click to see the shocking evidence!,FAKE
"Data released by the bureau indicates that a local election remained largely stable over the past year, analysts said.",REAL
"In a press briefing on Thursday, the minister addressed questions about a cybersecurity breach and outlined next steps.",REAL
They don't want you to know the TRUTH about space exploration. Share before this gets DELETED!,FAKE
A spokesperson said the agency is continuing to monitor the healthcare system and will release further details next month.,REAL
"The city council voted 6-3 on Monday to approve new measures related to the housing market, pending final approval.",REAL
You will NEVER guess what really happened with a court ruling — mainstream media REFUSES to report this!,FAKE
"The committee held a public hearing on a cybersecurity breach, inviting testimony from experts and community members.",REAL
Emergency services responded to the incident related to the police department and confirmed there were no injuries reported.,REAL
"URGENT: the national football league has secretly been rigged for years, according to a whistleblower nobody wants you to hear.",FAKE
Officials confirmed on Tuesday that the police department will undergo review after a report was submitted to the committee.,REAL
A mysterious source close to the matter says the education system was staged from the very beginning.,FAKE
REVEALED: The disturbing conspiracy behind immigration policy that has the internet in total shock.,FAKE
They don't want you to know the TRUTH about a local election. Share before this gets DELETED!,FAKE
SHOCKING: You won't believe what they're hiding about a food safety recall — doctors HATE this one secret!,FAKE
The REAL reason behind immigration policy will make your blood boil — click to see the shocking evidence!,FAKE
SHOCKING: You won't believe what they're hiding about the healthcare system — doctors HATE this one secret!,FAKE
The mayor's office issued a statement clarifying its position on the central bank following community feedback sessions.,REAL
The university's board of trustees discussed the central bank during its quarterly meeting on Monday afternoon.,REAL
"The city council voted 6-3 on Monday to approve new measures related to the economy, pending final approval.",REAL
"According to a statement released by the department, the transportation department showed a 3.2 percent change compared to last quarter.",REAL
"According to a statement released by the department, a local election showed a 3.2 percent change compared to last quarter.",REAL
"Data released by the bureau indicates that a public health study remained largely stable over the past year, analysts said.",REAL
"This ONE weird trick about the transportation department has the entire government in a panic, sources claim.",FAKE
This changes EVERYTHING: unverified report claims the education system was faked using actors.,FAKE
Company executives confirmed the deal involving a wildlife conservation project during an earnings call with investors on Wednesday.,REAL
The mayor's office issued a statement clarifying its position on the police department following community feedback sessions.,REAL
You will NEVER guess what really happened with a food safety recall — mainstream media REFUSES to report this!,FAKE
The REAL reason behind a court ruling will make your blood boil — click to see the shocking evidence!,FAKE
"In a press briefing on Thursday, the minister addressed questions about a food safety recall and outlined next steps.",REAL
EXCLUSIVE: Secret files prove the transportation department was planned decades in advance by a shadowy group.,FAKE
Health officials advised residents to stay informed about a university research team through verified government channels.,REAL
You've been LIED to about the education system this whole time — share this before it's taken down!,FAKE
Health officials advised residents to stay informed about the central bank through verified government channels.,REAL
Officials confirmed on Tuesday that the healthcare system will undergo review after a report was submitted to the committee.,REAL
"The study, funded by a federal grant, examined the economy using data collected from over 2,000 participants.",REAL
"The committee held a public hearing on artificial intelligence regulation, inviting testimony from experts and community members.",REAL
A panel of independent auditors reviewed a tech company merger and recommended several procedural changes.,REAL
BREAKING: Anonymous insider reveals a government budget bill is a total SCAM designed to control the population!!!,FAKE
REVEALED: The disturbing conspiracy behind a public health study that has the internet in total shock.,FAKE
Miracle claim goes viral: a cybersecurity breach allegedly linked to a secret plot nobody can explain.,FAKE
EXCLUSIVE: Secret files prove space exploration was planned decades in advance by a shadowy group.,FAKE
This changes EVERYTHING: unverified report claims space exploration was faked using actors.,FAKE
EXCLUSIVE: Secret files prove a wildlife conservation project was planned decades in advance by a shadowy group.,FAKE
Company executives confirmed the deal involving a natural disaster during an earnings call with investors on Wednesday.,REAL
"The study, funded by a federal grant, examined a wildlife conservation project using data collected from over 2,000 participants.",REAL
The mayor's office issued a statement clarifying its position on a university research team following community feedback sessions.,REAL
"The study, funded by a federal grant, examined renewable energy using data collected from over 2,000 participants.",REAL
"The organization released its annual report on a wildlife conservation project, noting modest improvements year over year.",REAL
Researchers at the state university published findings on the police department in a peer-reviewed journal this week.,REAL
People are FURIOUS after discovering the hidden truth about climate policy that was covered up for years.,FAKE
The REAL reason behind the education system will make your blood boil — click to see the shocking evidence!,FAKE
"According to a statement released by the department, the healthcare system showed a 3.2 percent change compared to last quarter.",REAL
"In a press briefing on Thursday, the minister addressed questions about a new vaccine and outlined next steps.",REAL
"The organization released its annual report on a food safety recall, noting modest improvements year over year.",REAL
"The organization released its annual report on the education system, noting modest improvements year over year.",REAL
"URGENT: immigration policy has secretly been rigged for years, according to a whistleblower nobody wants you to hear.",FAKE
"According to a statement released by the department, a government budget bill showed a 3.2 percent change compared to last quarter.",REAL
BREAKING: Anonymous insider reveals climate policy is a total SCAM designed to control the population!!!,FAKE
Emergency services responded to the incident related to a court ruling and confirmed there were no injuries reported.,REAL
Health officials advised residents to stay informed about the transportation department through verified government channels.,REAL
"In a press briefing on Thursday, the minister addressed questions about the stock market and outlined next steps.",REAL
You've been LIED to about artificial intelligence regulation this whole time — share this before it's taken down!,FAKE
Miracle claim goes viral: the stock market allegedly linked to a secret plot nobody can explain.,FAKE
Miracle claim goes viral: artificial intelligence regulation allegedly linked to a secret plot nobody can explain.,FAKE
A spokesperson said the agency is continuing to monitor a food safety recall and will release further details next month.,REAL
Doctors are BAFFLED: the hidden dangers of a tech company merger that 'they' don't want exposed.,FAKE
Is a government budget bill actually a hoax? This viral post claims 100% proof and everyone is sharing it.,FAKE
Emergency services responded to the incident related to artificial intelligence regulation and confirmed there were no injuries reported.,REAL
Researchers at the state university published findings on a food safety recall in a peer-reviewed journal this week.,REAL
"A federal judge issued a ruling on a tech company merger on Friday, siding with the plaintiffs on two of three counts.",REAL
They don't want you to know the TRUTH about climate policy. Share before this gets DELETED!,FAKE
Is a tech company merger actually a hoax? This viral post claims 100% proof and everyone is sharing it.,FAKE
Wake up! climate policy is nothing but a cover-up orchestrated by powerful elites behind closed doors.,FAKE
Doctors are BAFFLED: the hidden dangers of a public health study that 'they' don't want exposed.,FAKE
Health officials advised residents to stay informed about the police department through verified government channels.,REAL
"URGENT: the healthcare system has secretly been rigged for years, according to a whistleblower nobody wants you to hear.",FAKE
"Data released by the bureau indicates that the stock market remained largely stable over the past year, analysts said.",REAL
Is immigration policy actually a hoax? This viral post claims 100% proof and everyone is sharing it.,FAKE
Is the police department actually a hoax? This viral post claims 100% proof and everyone is sharing it.,FAKE
A panel of independent auditors reviewed the housing market and recommended several procedural changes.,REAL
Researchers at the state university published findings on a celebrity marriage in a peer-reviewed journal this week.,REAL
Economists at the central bank projected the central bank would grow modestly in the coming fiscal year.,REAL
A panel of independent auditors reviewed the healthcare system and recommended several procedural changes.,REAL
SHOCKING: You won't believe what they're hiding about artificial intelligence regulation — doctors HATE this one secret!,FAKE
The mayor's office issued a statement clarifying its position on the housing market following community feedback sessions.,REAL
You will NEVER guess what really happened with a new vaccine — mainstream media REFUSES to report this!,FAKE
This changes EVERYTHING: unverified report claims a tech company merger was faked using actors.,FAKE
Company executives confirmed the deal involving the stock market during an earnings call with investors on Wednesday.,REAL
"The city council voted 6-3 on Monday to approve new measures related to a celebrity marriage, pending final approval.",REAL
"This ONE weird trick about renewable energy has the entire government in a panic, sources claim.",FAKE
The REAL reason behind the economy will make your blood boil — click to see the shocking evidence!,FAKE
"According to a statement released by the department, a cybersecurity breach showed a 3.2 percent change compared to last quarter.",REAL
This changes EVERYTHING: unverified report claims the housing market was faked using actors.,FAKE
A panel of independent auditors reviewed a new vaccine and recommended several procedural changes.,REAL
This changes EVERYTHING: unverified report claims a food safety recall was faked using actors.,FAKE
Wake up! a food safety recall is nothing but a cover-up orchestrated by powerful elites behind closed doors.,FAKE
Experts are STUNNED after leaked documents expose the real agenda behind a cybersecurity breach.,FAKE
"A federal judge issued a ruling on a celebrity marriage on Friday, siding with the plaintiffs on two of three counts.",REAL
BREAKING: Anonymous insider reveals a university research team is a total SCAM designed to control the population!!!,FAKE
"This ONE weird trick about the housing market has the entire government in a panic, sources claim.",FAKE
Company executives confirmed the deal involving artificial intelligence regulation during an earnings call with investors on Wednesday.,REAL
"This ONE weird trick about a university research team has the entire government in a panic, sources claim.",FAKE
Economists at the central bank projected the police department would grow modestly in the coming fiscal year.,REAL
People are FURIOUS after discovering the hidden truth about a tech company merger that was covered up for years.,FAKE
A mysterious source close to the matter says space exploration was staged from the very beginning.,FAKE
Insiders CONFIRM a public health study is being used to secretly manipulate everyday citizens like you.,FAKE
"Local authorities announced a new initiative concerning a local election, which will be implemented over the next six months.",REAL
Company executives confirmed the deal involving a tech company merger during an earnings call with investors on Wednesday.,REAL
Wake up! the central bank is nothing but a cover-up orchestrated by powerful elites behind closed doors.,FAKE
Wake up! a government budget bill is nothing but a cover-up orchestrated by powerful elites behind closed doors.,FAKE
Economists at the central bank projected a local election would grow modestly in the coming fiscal year.,REAL
Officials confirmed on Tuesday that the transportation department will undergo review after a report was submitted to the committee.,REAL
Experts are STUNNED after leaked documents expose the real agenda behind a natural disaster.,FAKE
Insiders CONFIRM a new vaccine is being used to secretly manipulate everyday citizens like you.,FAKE
Experts are STUNNED after leaked documents expose the real agenda behind the police department.,FAKE
The university's board of trustees discussed a university research team during its quarterly meeting on Monday afternoon.,REAL
Miracle claim goes viral: a university research team allegedly linked to a secret plot nobody can explain.,FAKE
Insiders CONFIRM a tech company merger is being used to secretly manipulate everyday citizens like you.,FAKE
"The committee held a public hearing on a university research team, inviting testimony from experts and community members.",REAL
Emergency services responded to the incident related to the housing market and confirmed there were no injuries reported.,REAL
"The city council voted 6-3 on Monday to approve new measures related to space exploration, pending final approval.",REAL
The university's board of trustees discussed space exploration during its quarterly meeting on Monday afternoon.,REAL
"The committee held a public hearing on a local election, inviting testimony from experts and community members.",REAL
"The organization released its annual report on space exploration, noting modest improvements year over year.",REAL
Emergency services responded to the incident related to a cybersecurity breach and confirmed there were no injuries reported.,REAL
Company executives confirmed the deal involving the police department during an earnings call with investors on Wednesday.,REAL
"This ONE weird trick about a public health study has the entire government in a panic, sources claim.",FAKE
"The report, compiled over eighteen months, found no significant risk associated with a wildlife conservation project based on current evidence.",REAL
"According to a statement released by the department, a wildlife conservation project showed a 3.2 percent change compared to last quarter.",REAL
Experts are STUNNED after leaked documents expose the real agenda behind the education system.,FAKE
"Local authorities announced a new initiative concerning the healthcare system, which will be implemented over the next six months.",REAL
Miracle claim goes viral: the housing market allegedly linked to a secret plot nobody can explain.,FAKE
Government sources who wish to remain anonymous say a cybersecurity breach is far worse than reported.,FAKE
"According to a statement released by the department, the education system showed a 3.2 percent change compared to last quarter.",REAL
The mayor's office issued a statement clarifying its position on the national football league following community feedback sessions.,REAL
Is a food safety recall actually a hoax? This viral post claims 100% proof and everyone is sharing it.,FAKE
Insiders CONFIRM the housing market is being used to secretly manipulate everyday citizens like you.,FAKE
You've been LIED to about the police department this whole time — share this before it's taken down!,FAKE
"The committee held a public hearing on a new vaccine, inviting testimony from experts and community members.",REAL
Is a new vaccine actually a hoax? This viral post claims 100% proof and everyone is sharing it.,FAKE
"According to a statement released by the department, the central bank showed a 3.2 percent change compared to last quarter.",REAL
People are FURIOUS after discovering the hidden truth about a local election that was covered up for years.,FAKE
Is artificial intelligence regulation actually a hoax? This viral post claims 100% proof and everyone is sharing it.,FAKE
Company executives confirmed the deal involving space exploration during an earnings call with investors on Wednesday.,REAL
Researchers at the state university published findings on the healthcare system in a peer-reviewed journal this week.,REAL
Wake up! the healthcare system is nothing but a cover-up orchestrated by powerful elites behind closed doors.,FAKE
Insiders CONFIRM a natural disaster is being used to secretly manipulate everyday citizens like you.,FAKE
"The city council voted 6-3 on Monday to approve new measures related to the police department, pending final approval.",REAL
"The report, compiled over eighteen months, found no significant risk associated with a cybersecurity breach based on current evidence.",REAL
SHOCKING: You won't believe what they're hiding about the national football league — doctors HATE this one secret!,FAKE
"Data released by the bureau indicates that artificial intelligence regulation remained largely stable over the past year, analysts said.",REAL
Officials confirmed on Tuesday that the education system will undergo review after a report was submitted to the committee.,REAL
You will NEVER guess what really happened with space exploration — mainstream media REFUSES to report this!,FAKE
"This ONE weird trick about a court ruling has the entire government in a panic, sources claim.",FAKE
"Local authorities announced a new initiative concerning climate policy, which will be implemented over the next six months.",REAL
Doctors are BAFFLED: the hidden dangers of a government budget bill that 'they' don't want exposed.,FAKE
EXCLUSIVE: Secret files prove a public health study was planned decades in advance by a shadowy group.,FAKE
You will NEVER guess what really happened with the central bank — mainstream media REFUSES to report this!,FAKE
A spokesperson said the agency is continuing to monitor a new vaccine and will release further details next month.,REAL
Wake up! renewable energy is nothing but a cover-up orchestrated by powerful elites behind closed doors.,FAKE
EXCLUSIVE: Secret files prove a tech company merger was planned decades in advance by a shadowy group.,FAKE
Health officials advised residents to stay informed about a natural disaster through verified government channels.,REAL
The REAL reason behind a celebrity marriage will make your blood boil — click to see the shocking evidence!,FAKE
You will NEVER guess what really happened with a cybersecurity breach — mainstream media REFUSES to report this!,FAKE
"Local authorities announced a new initiative concerning space exploration, which will be implemented over the next six months.",REAL
The university's board of trustees discussed the education system during its quarterly meeting on Monday afternoon.,REAL
Doctors are BAFFLED: the hidden dangers of space exploration that 'they' don't want exposed.,FAKE
Emergency services responded to the incident related to the education system and confirmed there were no injuries reported.,REAL
"This ONE weird trick about the education system has the entire government in a panic, sources claim.",FAKE
"This ONE weird trick about a celebrity marriage has the entire government in a panic, sources claim.",FAKE
BREAKING: Anonymous insider reveals a food safety recall is a total SCAM designed to control the population!!!,FAKE
SHOCKING: You won't believe what they're hiding about the transportation department — doctors HATE this one secret!,FAKE
SHOCKING: You won't believe what they're hiding about the housing market — doctors HATE this one secret!,FAKE
REVEALED: The disturbing conspiracy behind climate policy that has the internet in total shock.,FAKE
The university's board of trustees discussed a wildlife conservation project during its quarterly meeting on Monday afternoon.,REAL
A mysterious source close to the matter says a celebrity marriage was staged from the very beginning.,FAKE
The REAL reason behind the stock market will make your blood boil — click to see the shocking evidence!,FAKE
This changes EVERYTHING: unverified report claims a university research team was faked using actors.,FAKE
"The city council voted 6-3 on Monday to approve new measures related to a local election, pending final approval.",REAL
"URGENT: renewable energy has secretly been rigged for years, according to a whistleblower nobody wants you to hear.",FAKE
A panel of independent auditors reviewed a food safety recall and recommended several procedural changes.,REAL
"The committee held a public hearing on the economy, inviting testimony from experts and community members.",REAL
Company executives confirmed the deal involving the healthcare system during an earnings call with investors on Wednesday.,REAL
A mysterious source close to the matter says renewable energy was staged from the very beginning.,FAKE
A spokesperson said the agency is continuing to monitor the national football league and will release further details next month.,REAL
"The city council voted 6-3 on Monday to approve new measures related to a natural disaster, pending final approval.",REAL
The university's board of trustees discussed a public health study during its quarterly meeting on Monday afternoon.,REAL
"URGENT: the housing market has secretly been rigged for years, according to a whistleblower nobody wants you to hear.",FAKE
The university's board of trustees discussed a cybersecurity breach during its quarterly meeting on Monday afternoon.,REAL
"Local authorities announced a new initiative concerning the stock market, which will be implemented over the next six months.",REAL
Emergency services responded to the incident related to a new vaccine and confirmed there were no injuries reported.,REAL
People are FURIOUS after discovering the hidden truth about a public health study that was covered up for years.,FAKE
"Local authorities announced a new initiative concerning a public health study, which will be implemented over the next six months.",REAL
Is a local election actually a hoax? This viral post claims 100% proof and everyone is sharing it.,FAKE
BREAKING: Anonymous insider reveals a new vaccine is a total SCAM designed to control the population!!!,FAKE
"URGENT: a new vaccine has secretly been rigged for years, according to a whistleblower nobody wants you to hear.",FAKE
"This ONE weird trick about a cybersecurity breach has the entire government in a panic, sources claim.",FAKE
Health officials advised residents to stay informed about a local election through verified government channels.,REAL
"The report, compiled over eighteen months, found no significant risk associated with the housing market based on current evidence.",REAL
"Data released by the bureau indicates that the national football league remained largely stable over the past year, analysts said.",REAL
A panel of independent auditors reviewed a public health study and recommended several procedural changes.,REAL
BREAKING: Anonymous insider reveals immigration policy is a total SCAM designed to control the population!!!,FAKE
"The city council voted 6-3 on Monday to approve new measures related to artificial intelligence regulation, pending final approval.",REAL
"The study, funded by a federal grant, examined a new vaccine using data collected from over 2,000 participants.",REAL
A mysterious source close to the matter says the housing market was staged from the very beginning.,FAKE
